{
  "optimizer": "Chuck",
  "engine": "notorch (pure C via ctypes)",
  "epochs": 5,
  "lr": 0.0003,
  "seed": 42,
  "total_params": 1502080,
  "final_loss": 2.8778157234191895,
  "best_loss": 2.8778157234191895,
  "elapsed_seconds": 2.131906747817993,
  "architecture": {
    "d_model": 160,
    "n_heads": 8,
    "n_layers": 4,
    "d_ff": 496,
    "max_seq": 128,
    "n_patches": 16,
    "image_dim": 64
  },
  "loss_history": [
    4.9534735679626465,
    3.3570210933685303,
    3.1092889308929443,
    3.1219875812530518,
    2.8778157234191895
  ]
}