{
  "optimizer": "Chuck",
  "epochs": 800,
  "lr": 0.003,
  "total_params": 21264,
  "final_loss": 0.9726169109344482,
  "best_loss": 0.5121533274650574,
  "loss_history": [
    18.12583351135254,
    17.108179092407227,
    15.219863891601562,
    12.075453758239746,
    9.548455238342285,
    8.891042709350586,
    6.934048175811768,
    6.015780925750732,
    5.750556945800781,
    4.5608296394348145,
    4.633355140686035,
    4.503573894500732,
    3.7171525955200195,
    3.4754838943481445,
    3.423424005508423,
    3.2914628982543945,
    4.060227870941162,
    3.2851626873016357,
    3.0798721313476562,
    3.0119616985321045,
    3.2910664081573486,
    2.8900134563446045,
    3.144376039505005,
    2.8913280963897705,
    3.2650833129882812,
    3.2607076168060303,
    3.0169341564178467,
    2.946889877319336,
    2.755629301071167,
    2.988255739212036,
    2.7951409816741943,
    2.8476722240448,
    2.7298543453216553,
    2.7178075313568115,
    2.980532646179199,
    2.796029806137085,
    2.8775157928466797,
    2.725260019302368,
    2.7215654850006104,
    3.0970115661621094,
    2.997288703918457,
    2.803213357925415,
    3.0329697132110596,
    2.9635632038116455,
    2.8868982791900635,
    2.780261993408203,
    2.7265961170196533,
    2.8116209506988525,
    2.8520119190216064,
    2.8125832080841064,
    2.8736743927001953,
    2.6227753162384033,
    2.72404408454895,
    2.790393114089966,
    2.6525888442993164,
    2.705759048461914,
    2.9145193099975586,
    2.632338762283325,
    2.8302462100982666,
    2.809952974319458,
    2.865043878555298,
    2.8025195598602295,
    2.7934186458587646,
    2.740489959716797,
    2.6206400394439697,
    2.760862112045288,
    2.8548848628997803,
    2.683683395385742,
    2.576660633087158,
    2.765937566757202,
    2.8477938175201416,
    2.9705631732940674,
    2.6222784519195557,
    2.751781702041626,
    2.5212700366973877,
    2.7776010036468506,
    2.931971549987793,
    2.437771797180176,
    2.8767311573028564,
    2.741834878921509,
    2.8046586513519287,
    2.450460910797119,
    2.673677682876587,
    2.5941412448883057,
    2.6726207733154297,
    2.5012948513031006,
    2.727219581604004,
    2.787102699279785,
    2.8809597492218018,
    2.8261611461639404,
    2.4387366771698,
    2.8196563720703125,
    2.3349688053131104,
    2.57104754447937,
    2.6204473972320557,
    2.2987048625946045,
    2.880643844604492,
    2.7847182750701904,
    2.676927328109741,
    2.2957911491394043,
    2.9016828536987305,
    3.0018997192382812,
    2.832059621810913,
    2.5341522693634033,
    2.5924525260925293,
    2.46343731880188,
    2.5320985317230225,
    2.451557159423828,
    2.9242537021636963,
    2.594191551208496,
    2.8674068450927734,
    2.8398942947387695,
    2.6219470500946045,
    2.665393829345703,
    2.2237889766693115,
    2.573590040206909,
    2.50791335105896,
    2.4632089138031006,
    2.505390167236328,
    2.0568816661834717,
    2.4894418716430664,
    2.321091651916504,
    2.2100038528442383,
    2.8014087677001953,
    2.5041630268096924,
    2.5410096645355225,
    2.5571625232696533,
    1.917378544807434,
    2.2596676349639893,
    2.274094820022583,
    2.2255518436431885,
    2.115687847137451,
    2.302210569381714,
    1.9647337198257446,
    2.1783993244171143,
    2.090998649597168,
    2.7824175357818604,
    2.081533670425415,
    2.6321587562561035,
    2.2280850410461426,
    2.3047945499420166,
    2.200205087661743,
    2.163019895553589,
    2.333955764770508,
    2.226701498031616,
    2.309227228164673,
    2.022099733352661,
    1.817116618156433,
    2.2322585582733154,
    1.7236820459365845,
    2.0845696926116943,
    1.865208625793457,
    2.1308016777038574,
    1.9724903106689453,
    2.2313764095306396,
    1.899945616722107,
    1.9566117525100708,
    1.9642730951309204,
    2.002483367919922,
    2.0357682704925537,
    1.6075278520584106,
    2.007087469100952,
    2.44048810005188,
    1.658490777015686,
    1.9988903999328613,
    1.7932372093200684,
    2.154008626937866,
    2.1955182552337646,
    2.3415093421936035,
    2.3846628665924072,
    2.1407320499420166,
    2.0708510875701904,
    2.0128514766693115,
    1.6369022130966187,
    1.5316057205200195,
    2.187875986099243,
    2.092349052429199,
    1.8721513748168945,
    1.7943941354751587,
    1.338760256767273,
    1.3909993171691895,
    1.675860047340393,
    1.7360559701919556,
    1.9721460342407227,
    1.1208809614181519,
    1.6923789978027344,
    1.7886630296707153,
    2.3094828128814697,
    1.3887923955917358,
    2.4724206924438477,
    1.3079990148544312,
    1.3627103567123413,
    2.3101956844329834,
    1.4662235975265503,
    1.7462736368179321,
    2.053232431411743,
    1.8277467489242554,
    1.477810263633728,
    1.6146512031555176,
    2.339811325073242,
    1.5407652854919434,
    1.6345511674880981,
    1.8078069686889648,
    2.049088478088379,
    2.1709654331207275,
    1.7860738039016724,
    2.0096752643585205,
    1.7240610122680664,
    2.014145851135254,
    1.659714698791504,
    1.960243821144104,
    1.778138518333435,
    1.949381947517395,
    1.6774028539657593,
    1.4600595235824585,
    1.698312759399414,
    1.5515155792236328,
    2.04779314994812,
    1.8874064683914185,
    1.764464259147644,
    1.6094979047775269,
    1.5086497068405151,
    1.4843860864639282,
    1.875993251800537,
    1.3915988206863403,
    1.7676173448562622,
    1.8439687490463257,
    1.8870816230773926,
    1.5583468675613403,
    1.8446873426437378,
    1.748598575592041,
    1.6714682579040527,
    1.5077370405197144,
    1.2328917980194092,
    1.6322755813598633,
    1.9825011491775513,
    1.7456172704696655,
    1.7188259363174438,
    1.3857859373092651,
    1.8725848197937012,
    1.5632752180099487,
    1.5262664556503296,
    2.261352062225342,
    1.4181772470474243,
    1.930672287940979,
    1.430254340171814,
    1.764757752418518,
    1.435579776763916,
    1.3266528844833374,
    1.6951576471328735,
    1.879935383796692,
    1.7398046255111694,
    1.287913203239441,
    1.5014334917068481,
    1.3228683471679688,
    1.5472663640975952,
    1.873536467552185,
    1.432186484336853,
    1.726779818534851,
    1.3546470403671265,
    1.3755518198013306,
    1.9139491319656372,
    1.798017144203186,
    1.6371287107467651,
    1.6463189125061035,
    1.1769349575042725,
    1.4217143058776855,
    1.6629759073257446,
    1.285300850868225,
    1.5810422897338867,
    1.4842796325683594,
    1.2623621225357056,
    2.062068223953247,
    1.6566013097763062,
    1.267325520515442,
    1.5402051210403442,
    1.4633785486221313,
    1.7454198598861694,
    1.9828742742538452,
    2.0129382610321045,
    1.3046735525131226,
    1.3580408096313477,
    1.6510998010635376,
    1.1781078577041626,
    1.1564099788665771,
    2.0308258533477783,
    1.6863102912902832,
    1.3163155317306519,
    2.0971128940582275,
    1.5154873132705688,
    1.5691657066345215,
    1.447084903717041,
    1.8461178541183472,
    1.6776213645935059,
    1.4568597078323364,
    1.700743556022644,
    1.2462223768234253,
    1.3288072347640991,
    1.0188990831375122,
    1.3420510292053223,
    1.949758529663086,
    1.2208479642868042,
    1.3640131950378418,
    2.1744399070739746,
    1.229738473892212,
    1.399387240409851,
    2.038034439086914,
    1.954482913017273,
    1.6996859312057495,
    1.721440315246582,
    1.3403340578079224,
    1.5020681619644165,
    1.2745459079742432,
    1.5130648612976074,
    1.2848469018936157,
    1.0021835565567017,
    1.5738821029663086,
    1.3740774393081665,
    1.284716248512268,
    1.3195478916168213,
    1.515162467956543,
    1.2525889873504639,
    1.2285997867584229,
    1.8284505605697632,
    1.1505929231643677,
    0.8176851868629456,
    1.6748480796813965,
    1.9058284759521484,
    1.1530567407608032,
    1.5549365282058716,
    1.4992728233337402,
